,City,Cloudiness,Country,Date,Humidity,Lat,Lng,Max Temp,Wind Speed
0,Hokitika,0,NZ,1599539044,69,-42.72,170.97,53.55,6.98
1,Busselton,85,AU,1599539045,71,-33.65,115.33,63,7
2,Kavieng,5,PG,1599539046,74,-2.57,150.8,84.81,11.01
3,Cidreira,100,BR,1599538501,92,-30.18,-50.21,58.55,17.34
4,Camacha,40,PT,1599538457,83,33.08,-16.33,71.6,13.87
5,Hasaki,20,JP,1599539047,55,35.73,140.83,93,14.99
6,Charagua,100,BO,1599539047,63,-19.8,-63.22,58.5,5.3
7,Castro,37,BR,1599539049,73,-24.79,-50.01,61.16,1.95
8,Rio Grande,41,BR,1599538909,78,-32.03,-52.1,59,3
9,Ushuaia,20,AR,1599539049,84,-54.8,-68.3,39.2,10.29
10,Broome,1,US,1599538513,77,42.25,-75.83,66,5.82
11,Kroya,79,ID,1599539050,67,-7.63,109.25,84.09,11.56
12,Atuona,60,PF,1599539051,76,-9.8,-139.03,78.51,23.15
13,Straumen,75,NO,1599539052,87,63.87,11.3,55,17.22
14,Longyearbyen,20,SJ,1599539052,84,78.22,15.64,33.8,8.05
15,Martinópolis,15,BR,1599539053,33,-22.15,-51.17,75.2,2.24
16,Santa Cruz Cabrália,75,BR,1599539053,78,-16.28,-39.02,71.6,4.7
17,Great Yarmouth,80,GB,1599539055,99,52.61,1.73,59,4
18,São Filipe,100,CV,1599539056,85,14.9,-24.5,78.08,8.7
19,Punta Arenas,50,CL,1599539056,93,-53.15,-70.92,35.6,6.93
20,George Town,20,MY,1599538968,66,5.41,100.34,87.8,11.41
21,Saint Paul Harbor,1,US,1599538897,62,57.79,-152.41,57.2,11.41
22,Semirara,83,PH,1599539060,73,12.07,121.4,85.17,9.42
23,Jamestown,1,US,1599539061,100,42.1,-79.24,63,4.61
24,Saint-Philippe,39,RE,1599539062,78,-21.36,55.77,73.4,3.36
25,Shingū,40,JP,1599539064,70,33.73,135.98,84.2,8.05
26,Mataura,23,NZ,1599539067,45,-46.19,168.86,59.88,8.5
27,Mar del Plata,0,AR,1599539067,93,-38,-57.56,46.99,6.93
28,Belaya Gora,100,RU,1599538472,68,68.53,146.42,47.77,10.6
29,Port Alfred,1,ZA,1599538902,87,-33.59,26.89,61.93,16.02
30,Rikitea,0,PF,1599539070,85,-23.12,-134.97,72.72,10.89
31,Stykkisholmur,97,IS,1599539072,78,65.08,-22.73,42.1,12.86
32,Morondava,1,MG,1599539073,58,-20.28,44.28,68.77,7.85
33,Katobu,93,ID,1599539074,84,-4.94,122.53,80.67,6.17
34,Husavik,90,IS,1599538638,80,66.04,-17.34,41,11.41
35,Poya,40,NC,1599539074,69,-21.35,165.15,73.45,13.98
36,Narsaq,22,GL,1599539075,69,60.92,-46.05,39.2,2.24
37,Mount Gambier,40,AU,1599539075,51,-37.83,140.77,62.6,17.22
38,Hilo,1,US,1599538800,69,19.73,-155.09,80.6,8.05
39,Bluff,45,NZ,1599539077,68,-46.6,168.33,54.9,9.44
40,Itupiranga,13,BR,1599539077,55,-5.13,-49.33,77.54,1.41
41,Clyde River,90,CA,1599539078,91,70.47,-68.59,35.6,3.36
42,Bethel,1,US,1599538877,93,41.37,-73.41,64,2.8
43,Tuktoyaktuk,90,CA,1599539080,100,69.45,-133.04,41,21.92
44,São Félix do Xingu,0,BR,1599539080,37,-6.64,-51.99,73.11,1.72
45,Albany,96,US,1599538808,70,42.6,-73.97,69.01,6.73
46,Fortuna,20,US,1599539082,100,40.6,-124.16,55.99,6.93
47,Caravelas,8,BR,1599539083,89,-17.71,-39.25,68.88,4.65
48,Chapais,40,CA,1599539084,70,49.78,-74.85,46.4,13.87
49,Bredasdorp,0,ZA,1599539084,93,-34.53,20.04,51.8,3.36
50,Deputatsky,99,RU,1599539085,71,69.3,139.9,44.01,6.49
51,Esperance,90,AU,1599538506,59,-33.87,121.9,60.8,12.75
52,Kushnarenkovo,32,RU,1599539085,87,55.1,55.35,50,2.24
53,Mehamn,68,NO,1599539086,76,71.04,27.85,50,10.29
54,Fallon,1,US,1599539086,13,39.47,-118.78,80.6,8.05
55,Sitka,90,US,1599539086,93,57.05,-135.33,57.2,3.36
56,Mahon,91,ES,1599539087,77,39.89,4.27,66.2,4.7
57,Provideniya,40,RU,1599538574,53,64.38,-173.3,50,11.18
58,Ialibu,32,PG,1599539088,69,-6.28,143.99,70.65,4.23
59,Geraldton,0,AU,1599539089,45,-28.77,114.6,68,12.75
60,Hermanus,0,ZA,1599539090,92,-34.42,19.23,51.01,1.99
61,Severo-Kuril'sk,96,RU,1599539090,91,50.68,156.12,53.22,13.18
62,Carnarvon,99,AU,1599539092,64,-24.87,113.63,69.8,12.75
63,Yefremov,95,RU,1599539094,45,53.15,38.1,59.32,10.22
64,East London,1,ZA,1599539095,87,-33.02,27.91,57.2,5.82
65,Tyrma,100,RU,1599539095,92,50.08,132.17,57.96,10.96
66,Katangli,100,RU,1599538562,79,51.71,143.23,58.35,5.66
67,Puerto Colombia,75,CO,1599539095,100,10.99,-74.95,77,3.36
68,Lebu,100,CL,1599539096,90,-37.62,-73.65,48.31,11.81
69,Qaanaaq,100,GL,1599539096,80,77.48,-69.36,21.36,9.98
70,Ribeira Grande,2,PT,1599539097,80,38.52,-28.7,70.41,14.43
71,Havre-St-Pierre,90,CA,1599538729,87,50.23,-63.6,57.2,13.87
72,Khatanga,0,RU,1599539098,66,71.97,102.5,54.73,10.69
73,Moranbah,91,AU,1599539099,49,-22,148.05,76.32,20.76
74,Bhan,0,PK,1599539099,44,26.56,67.72,93.78,4.94
75,Namatanai,33,PG,1599538593,75,-3.67,152.43,83.59,8.99
76,Gornopravdinsk,98,RU,1599539100,73,60.05,69.9,49.91,1.83
77,Margate,79,GB,1599538655,84,51.38,1.39,62.01,1.01
78,Kahului,20,US,1599539103,69,20.89,-156.47,80.6,12.75
79,Souillac,75,MU,1599539103,100,-20.52,57.52,71.6,10.29
80,Eydhafushi,85,MV,1599539104,79,5.1,73.07,82.8,15.68
81,Bubaque,100,GW,1599539104,81,11.28,-15.83,80.19,10.56
82,Urengoy,93,RU,1599538591,57,65.97,78.37,53.74,6.49
83,Nikolskoye,40,RU,1599539106,87,59.7,30.79,52,3.53
84,Suksun,34,RU,1599539106,81,57.14,57.39,55.85,4.38
85,Tiksi,47,RU,1599539107,58,71.69,128.87,49.59,12.82
86,Coahuayana Viejo,100,MX,1599539108,81,18.73,-103.68,77.94,2.28
87,Nyimba,0,ZM,1599539110,80,-14.56,30.81,55.81,3.87
88,Hong Kong,40,HK,1599538502,94,22.29,114.16,78.8,10.29
89,Mamakan,34,RU,1599539111,55,57.82,114,72,1.48
90,Araouane,0,ML,1599539113,43,18.9,-3.53,89.37,13.56
91,Poço Verde,55,BR,1599539113,95,-10.71,-38.18,67.71,2.77
92,Dikson,99,RU,1599539116,82,73.51,80.55,42.78,26.06
93,Hithadhoo,94,MV,1599539117,77,-0.6,73.08,82.6,11.34
94,Ofakim,43,IL,1599539117,83,31.31,34.62,79,2.44
95,Butaritari,29,KI,1599539118,75,3.07,172.79,82,5.19
96,Tura,89,IN,1599539119,91,25.52,90.22,80.2,3.38
97,Namie,20,JP,1599539120,61,37.48,141,95,1.99
98,Buchanan,65,LR,1599539120,89,5.88,-10.05,75.74,5.97
99,Hobart,40,AU,1599538824,45,-42.88,147.33,62.6,16.11
100,Makassar,20,ID,1599539121,43,-5.14,119.42,91.4,6.93
101,Warrnambool,47,AU,1599539123,69,-38.38,142.48,60.01,8.01
102,Avarua,35,CK,1599539125,73,-21.21,-159.78,73.4,12.75
103,Coracora,100,PE,1599539125,44,-15.03,-73.78,50.23,1.12
104,Nome,90,US,1599539126,93,64.5,-165.41,53.01,6.93
105,Kutum,100,SD,1599539126,51,14.2,24.67,74.53,8.97
106,Kavaratti,90,IN,1599539126,94,10.57,72.64,78.8,9.17
107,Iqaluit,75,CA,1599539127,93,63.75,-68.51,35.6,5.82
108,Talara,63,PE,1599538556,86,-4.58,-81.27,62.11,13.27
109,Truro,34,GB,1599539132,93,50.27,-5.05,59,12.75
110,Vaini,75,TO,1599539133,78,-21.2,-175.2,75.2,10.29
111,Guerrero Negro,0,MX,1599538910,70,27.98,-114.06,76.95,12.1
112,Sungai Penuh,61,ID,1599539136,62,-2.08,101.38,79.12,2.28
113,San Luis,2,AR,1599538921,65,-33.3,-66.34,51.98,9.64
114,San Miguel de Tucumán,76,AR,1599538997,67,-26.82,-65.22,59,6.93
115,Nago,90,JP,1599539137,74,26.59,127.98,84.2,2.35
116,Inuvik,75,CA,1599538858,87,68.35,-133.72,46.4,6.93
117,Sabha,0,LY,1599539140,26,27.04,14.43,78.94,9.46
118,San Bartolomé de Tirajana,54,ES,1599539141,37,27.92,-15.57,84,16.11
119,Kapaa,75,US,1599539141,74,22.08,-159.32,82.4,11.41
120,Cherskiy,22,RU,1599539142,64,68.75,161.3,46.2,15.79
121,Paamiut,43,GL,1599539142,83,61.99,-49.67,40.66,15.05
122,Pacific Grove,1,US,1599538626,47,36.62,-121.92,75.2,2.75
123,Tuatapere,13,NZ,1599539143,55,-46.13,167.68,58.32,7.25
124,Kiruna,100,SE,1599538972,81,67.86,20.23,46.4,13.87
125,Saskylakh,5,RU,1599539143,52,71.92,114.08,54.61,11.45
126,Kushiro,75,JP,1599539144,83,42.98,144.37,80.6,10.29
127,Comodoro Rivadavia,100,AR,1599539144,47,-45.87,-67.5,55.4,8.05
128,Quesnel,1,CA,1599539145,81,53,-122.5,48.2,1.66
129,Porbandar,40,IN,1599539148,79,21.64,69.61,86,11.41
130,Yellowknife,75,CA,1599539148,71,62.46,-114.35,51.01,18.34
131,Sumbe,0,AO,1599539149,86,-11.21,13.84,70.66,3.33
132,Matagami,20,CA,1599539149,81,49.75,-77.63,44.6,11.83
133,Ürümqi,0,CN,1599539051,55,43.8,87.6,66.2,6.71
134,Katsuura,40,JP,1599539150,74,35.13,140.3,91.99,19.46
135,Port Lincoln,100,AU,1599539150,60,-34.73,135.87,61.07,11.61
136,Hambantota,75,LK,1599538645,79,6.12,81.12,84.2,5.82
137,Tasiilaq,12,GL,1599539153,82,65.61,-37.64,32,7.87
138,Barrow,90,US,1599539153,83,71.29,-156.79,35.6,14.99
139,Cape Town,0,ZA,1599538911,93,-33.93,18.42,52,2.24
140,Bawku,18,GH,1599538944,94,11.06,-0.24,71.55,5.14
141,Kenora,75,CA,1599539155,86,49.82,-94.43,41,5.82
142,Cockburn Town,84,TC,1599539157,77,21.46,-71.14,83.08,12.53
143,Bukama,0,CD,1599539158,30,-9.2,25.85,67.68,3.98
144,Liverpool,75,GB,1599538435,93,53.41,-2.98,64,4.7
145,Airai,94,TL,1599539159,45,-8.93,125.41,78.4,6.35
146,Saint George,1,US,1599539025,11,37.1,-113.58,90,3.36
147,Kaitangata,1,NZ,1599539162,46,-46.28,169.85,62.01,4.76
148,Upernavik,100,GL,1599539163,78,72.79,-56.15,37.06,5.84
149,Yar-Sale,100,RU,1599538674,65,66.83,70.83,51.62,13.73
150,Noumea,90,NC,1599539164,64,-22.28,166.46,71.6,23.04
151,Omsukchan,100,RU,1599539164,88,62.53,155.8,42.24,8.39
152,Puerto Ayora,43,EC,1599539165,90,-0.74,-90.35,66.99,4
153,Władysławowo,79,PL,1599539166,81,54.79,18.4,54,10.29
154,Yārāda,75,IN,1599539166,70,17.65,83.27,89.6,5.82
155,Concordia,6,AR,1599539166,89,-31.39,-58.02,51.73,8.3
156,Kiunga,85,PG,1599538722,65,-6.12,141.29,88.27,3.24
157,Phalaborwa,0,ZA,1599539167,87,-23.94,31.14,57.2,8.05
158,Nara,40,JP,1599538650,52,34.69,135.8,93.99,11.41
159,Maţāy,1,EG,1599539169,92,28.42,30.78,73.04,11.65
160,Oltu,61,TR,1599539169,74,40.55,42,61.86,1.21
161,Bumba,97,CD,1599539171,96,2.18,22.47,71.29,0.43
162,Ahipara,26,NZ,1599539171,64,-35.17,173.17,58.26,6.29
163,San Andrés,75,CO,1599539172,94,12.58,-81.7,78.8,2.24
164,Mata de Plátano,75,HN,1599539174,100,14.6,-87.28,68,1.57
165,Bondo,39,CD,1599539174,97,3.81,23.69,67.48,1.25
166,Alice Springs,0,AU,1599539084,11,-23.7,133.88,91.4,9.17
167,Vanimo,1,PG,1599539182,64,-2.67,141.3,87.26,9.19
168,Robertsport,97,LR,1599539184,88,6.75,-11.37,76.08,6.78
169,Kuching,75,MY,1599539126,70,1.55,110.33,87.8,3.36
170,Klaksvík,62,FO,1599539185,87,62.23,-6.59,51.8,29.97
171,Balabac,100,PH,1599539185,65,7.99,117.06,86.95,7.96
172,Luang Prabang,75,LA,1599538896,74,19.89,102.13,82.4,2.24
173,Vila Franca do Campo,40,PT,1599539186,88,37.72,-25.43,69.8,5.82
174,Sibolga,14,ID,1599538626,73,1.74,98.78,83.26,4.07
175,Mahébourg,75,MU,1599539187,100,-20.41,57.7,71.6,10.29
176,Torbay,20,CA,1599539188,76,47.67,-52.73,52,4.7
177,Kichera,95,RU,1599539189,49,55.94,110.1,69.87,2.82
178,Westport,1,US,1599538970,83,41.14,-73.36,71.6,4.7
179,Northam,99,GB,1599539189,99,51.03,-4.22,61,11.99
180,Hofn,0,IS,1599539190,59,64.25,-15.21,44.94,10.51
181,Pimentel,16,PE,1599539190,90,-6.84,-79.93,59.88,9.17
182,Lapa,90,BR,1599539191,100,-25.77,-49.72,59,3.36
183,New Norfolk,20,AU,1599539192,51,-42.78,147.06,62.6,14.99
184,Harper,52,LR,1599539194,90,4.38,-7.72,76.37,10.13
185,Jilavele,0,RO,1599539196,93,44.77,26.53,69.01,9.17
186,Yeppoon,36,AU,1599539199,42,-23.13,150.73,80.6,13.87
187,Aketi,61,CD,1599539203,97,2.74,23.78,68.94,0.54
188,Rocha,34,UY,1599539073,90,-34.48,-54.33,44.67,3.36
189,Sterling,1,US,1599539207,88,39.01,-77.43,66.99,5.21
190,Bantogon,72,PH,1599539208,77,6.53,124.03,82.02,5.12
191,Port Hardy,75,CA,1599538509,87,50.7,-127.42,60.8,5.82
192,Yangi Marg`ilon,0,UZ,1599539212,19,40.43,71.72,73.4,2.24
193,Sambava,66,MG,1599538711,77,-14.27,50.17,71.08,10.27
194,Akureyri,90,IS,1599539215,80,65.68,-18.09,41,11.41
195,Pochutla,88,MX,1599539216,89,15.74,-96.47,77,3.94
196,Bristol,20,US,1599539217,93,41.83,-71.17,66.99,2.8
197,Nanortalik,0,GL,1599539219,81,60.14,-45.24,41.02,21.59
198,Labuhan,9,ID,1599539221,53,-6.88,112.21,88.14,5.46
199,Port Elizabeth,2,ZA,1599539222,100,-33.92,25.57,55.4,6.93
200,Maceió,20,BR,1599539223,94,-9.67,-35.74,68,3.36
201,Bud,1,US,1599539224,78,39.45,-86.18,75,4.7
202,Arrondissement d'Arcachon,3,FR,1599539230,93,44.59,-1.05,55.4,3.36
203,Muros,32,ES,1599539231,74,42.78,-9.06,62.01,3
204,Birnin Kebbi,97,NG,1599539233,89,12.45,4.2,73.81,2.89
205,Sri Aman,40,MY,1599539234,83,1.24,111.46,82.4,3.36
206,Tonj,99,SS,1599539236,93,7.27,28.68,69.22,2.13
207,San Quintín,2,MX,1599539236,75,30.48,-115.95,73.94,7.18
208,Port Hawkesbury,40,CA,1599539237,93,45.62,-61.35,62.01,9.17
209,Grand Gaube,48,MU,1599539237,82,-20.01,57.66,75,11.01
210,Bengkulu,46,ID,1599539239,58,-3.8,102.27,86.63,11.14
211,Ngunguru,5,NZ,1599539240,34,-35.62,174.5,59,7
212,Bandarbeyla,90,SO,1599539240,73,9.49,50.81,76.6,25.19
213,Kieta,19,PG,1599539243,73,-6.22,155.63,83.26,4.61
214,Santa Lucía,53,ES,1599539243,37,27.91,-15.54,84,16.11
215,Kassala,80,SD,1599539244,78,15.45,36.4,76.44,18.95
216,Constitución,99,CL,1599539244,84,-35.33,-72.42,48.85,5.5
217,Nichinan,40,JP,1599539245,78,31.6,131.37,80.6,17.22
218,Ilebo,16,CD,1599539245,85,-4.32,20.58,72.19,1.66
219,Baoding,0,CN,1599539246,32,38.85,115.49,86.47,5.01
220,Inta,100,RU,1599539247,78,66.03,60.17,58.78,11.43
221,Kemijärvi,70,FI,1599539248,95,66.71,27.43,43.72,6.62
222,Codrington,23,AU,1599539249,65,-38.27,141.97,59.74,17.92
223,Berlin,83,DE,1599539208,81,52.52,13.41,55.99,1.12
224,Aquiraz,40,BR,1599539245,83,-3.9,-38.39,78.8,13.87
225,Dibulla,54,CO,1599539251,81,11.27,-73.31,78.58,3.27
226,Yulara,0,AU,1599539253,8,-25.24,130.99,95,12.75
227,Wajima,20,JP,1599539254,52,37.4,136.9,87.8,19.46
228,Damietta,20,EG,1599539167,78,31.42,31.81,82.4,5.82
229,Marsabit,100,KE,1599539255,89,2.33,37.99,59.65,14.79
230,High Level,90,CA,1599539255,71,58.52,-117.14,53.6,9.17
231,Salinópolis,88,BR,1599539255,83,-0.61,-47.36,79.68,10.76
232,Puerto Baquerizo Moreno,10,EC,1599539256,86,-0.9,-89.6,65.82,9.69
233,Vostok,74,RU,1599538669,72,46.49,135.88,69.4,13.44
234,Angoche,0,MZ,1599539257,80,-16.23,39.91,69.37,8.55
235,Cabo Frio,20,BR,1599539258,94,-22.88,-42.02,71.6,6.93
236,Thompson,75,CA,1599539027,81,55.74,-97.86,37.4,4.7
237,Carballo,24,ES,1599539260,67,43.21,-8.69,60.8,2.24
238,Portland,90,US,1599538573,17,45.52,-122.68,77,27.51
239,Norman Wells,20,CA,1599539031,87,65.28,-126.83,50,0.67
240,Kununurra,64,AU,1599539263,16,-15.77,128.73,96.8,12.75
241,Avera,75,US,1599539265,88,33.19,-82.53,77,4.7
242,Baltasi,99,RU,1599539266,75,56.35,50.21,59.45,6.02
243,Thinadhoo,88,MV,1599539266,76,0.53,72.93,83.08,12.41
244,Pemangkat,50,ID,1599539042,60,1.17,108.97,86.58,2.73
245,Mana,43,GF,1599539267,89,5.66,-53.78,78.12,6.78
246,Savonlinna,40,FI,1599539267,100,61.87,28.88,44.6,3.36
247,Nelson Bay,0,AU,1599539269,36,-32.72,152.15,79,6.93
248,Meulaboh,82,ID,1599539270,78,4.14,96.13,82.42,1.99
249,Qrendi,20,MT,1599539270,100,35.83,14.46,75.99,2.24
250,Porto Seguro,75,BR,1599539272,78,-16.45,-39.06,71.6,4.7
251,Naze,20,JP,1599539272,74,28.37,129.48,87.8,9.17
252,Pevek,34,RU,1599539272,77,69.7,170.31,42.71,1.97
253,Bella Vista,1,US,1599539273,83,36.43,-94.23,77,6.93
254,Samarai,50,PG,1599539274,85,-10.62,150.67,78.46,17.11
255,Grand Baie,27,MU,1599539274,82,-20.02,57.58,75,11.01
256,Jamame,49,SO,1599539276,72,0.07,42.75,76.6,11.34
257,Taltal,27,CL,1599539277,78,-25.4,-70.48,54.12,1.16
258,Maniitsoq,94,GL,1599539278,71,65.42,-52.9,39.94,4.21
259,Kumluca,0,TR,1599539280,46,36.37,30.29,83.19,2.01
260,Dzhebariki-Khaya,0,RU,1599539281,56,62.22,135.8,56.41,4.18
261,Mandurah,75,AU,1599539283,59,-32.55,115.7,64.4,9.17
262,Mount Isa,0,AU,1599539283,19,-20.73,139.5,87.8,12.75
263,Hirara,20,JP,1599539285,66,24.8,125.28,87.8,12.75
264,Kāmākhyānagar,100,IN,1599539288,65,20.93,85.55,89.73,3.47
265,Santa Rosa,75,PH,1599539199,59,14.31,121.11,93.2,8.05
266,Quelimane,75,MZ,1599539290,93,-17.88,36.89,64,2.24
267,Mapimí,100,MX,1599539290,74,25.82,-103.85,72,3
268,Lompoc,1,US,1599539202,77,34.64,-120.46,66,5.82
269,Ulladulla,100,AU,1599539291,28,-35.35,150.47,82.4,17.22
270,Arrondissement de Clermont,90,FR,1599539292,87,49.5,2.42,59,4.7
271,Buin,86,CL,1599539292,81,-33.73,-70.75,55.99,4.7
272,Manaus,1,BR,1599539028,69,-3.1,-60.02,80.6,3.36
273,Kushmurun,1,KZ,1599539292,61,52.45,64.63,54.97,7.16
274,Stawell,100,AU,1599539293,65,-37.05,142.77,64.08,6.89
275,Halifax,0,CA,1599539156,99,44.65,-63.57,63,1.01
276,Beloha,9,MG,1599539294,83,-25.17,45.05,66.47,12.68
277,Filimonovo,35,RU,1599539295,57,56.2,95.46,59.16,8.16
278,Los Llanos de Aridane,69,ES,1599539295,83,28.66,-17.92,86,16.11
279,Conde,20,BR,1599539296,94,-7.26,-34.91,71.6,5.82
280,Berlevåg,18,NO,1599539297,76,70.86,29.09,50,10.29
281,Olafsvik,100,IS,1599539297,82,64.89,-23.71,45.1,15.41
282,Nabire,100,ID,1599539107,60,-3.37,135.48,87.4,4.18
283,Bayir,0,TR,1599539298,77,37.27,28.22,66.2,3.36
284,Igarka,90,RU,1599539298,61,67.47,86.58,51.46,2.26
285,Goiatuba,0,BR,1599539299,36,-18.01,-49.35,70.41,7.7
286,Bambous Virieux,75,MU,1599539299,100,-20.34,57.76,75,10.29
287,Buala,50,SB,1599539302,71,-8.14,159.59,83.95,3.87
288,Ilulissat,49,GL,1599539304,80,69.22,-51.1,35.6,11.41
289,Te Anau,47,NZ,1599539304,64,-45.42,167.72,52.38,8.88
290,Saldanha,0,ZA,1599539305,81,-33.01,17.94,53.6,1.12
291,Singleton,3,AU,1599539215,47,-32.57,151.18,79,4.56
292,Faya,32,SA,1599539307,34,18.39,42.45,69.8,4.36
293,Belyy Yar,75,RU,1599539307,87,53.6,91.39,51.8,4.47
294,Barra de Tecoanapa,100,MX,1599539308,86,16.52,-98.75,79.43,6.49
295,Boundiali,99,CI,1599539308,97,9.52,-6.49,69.84,3.24
296,Vangaindrano,85,MG,1599539309,88,-23.35,47.6,66.36,5.55
297,Lao Cai,94,VN,1599539309,81,22.48,103.95,78.87,0.87
298,Saravan,0,AM,1599539309,56,39.72,45.65,73.4,4.7
299,Mbaïki,100,CF,1599539312,98,3.87,17.99,69.46,0.87
300,Aubenas,0,FR,1599539313,56,44.62,4.39,64,1.99
301,Eskilstuna,100,SE,1599539314,93,59.37,16.51,53.01,14.99
302,Dembī Dolo,99,ET,1599539316,100,8.53,34.8,56.3,3.04
303,Jaciara,0,BR,1599539316,29,-15.97,-54.97,73.62,2.91
304,Luganville,90,VU,1599539317,74,-15.53,167.17,78.8,11.41
305,Kiryat Gat,24,IL,1599539318,89,31.61,34.76,79,1.32
306,Pilar,20,BR,1599539318,94,-9.6,-35.96,68,3.36
307,Mossamedes,1,AO,1599539320,89,-15.2,12.15,66,3.51
308,Saint-Pierre,24,RE,1599539322,78,-21.34,55.48,73.4,3.36
309,Huarmey,41,PE,1599539322,84,-10.07,-78.15,60.3,5.21
310,Madingou,5,CG,1599539323,89,-4.15,13.55,70.11,2.28
311,Forio,2,IT,1599539323,74,40.73,13.86,75,1.01
312,Ankang,18,CN,1599539324,47,32.68,109.02,88.23,2.39
313,Vernon,1,CA,1599539325,27,50.26,-119.27,62.6,4.7
314,Lodwar,62,KE,1599539325,61,3.12,35.6,78.06,10.56
315,Koutsouras,0,GR,1599539326,60,35.03,25.95,75.54,12.39
316,Custoias,0,PT,1599539326,4,41.11,-7.32,64.99,1.01
317,A Coruña,33,ES,1599539327,67,43.37,-8.4,60.8,2.24
318,Bhachāu,24,IN,1599539328,68,23.28,70.35,85.14,10.56
319,Half Moon Bay,40,US,1599539256,93,37.46,-122.43,75.2,3.36
320,Lüderitz,0,NA,1599539333,53,-26.65,15.16,62.76,2.35
321,Manzhouli,48,CN,1599539334,51,49.6,117.43,68,15.05
322,Chokurdakh,100,RU,1599539335,91,70.63,147.92,42.12,10.36
323,Chake Chake,20,TZ,1599539335,82,-5.25,39.77,73.13,5.82
324,Balkanabat,100,TM,1599539336,16,39.51,54.37,76.48,20.13
325,Kloulklubed,75,PW,1599539336,66,7.04,134.26,87.8,5.82
326,Isangel,90,VU,1599539336,88,-19.55,169.27,73.4,6.93
327,Cabo San Lucas,7,MX,1599539111,72,22.89,-109.91,82,4
328,Fairbanks,75,US,1599539339,51,64.84,-147.72,59,10.29
329,Mae Sai,90,TH,1599539339,100,20.43,99.88,75.99,2.24
330,Kasempa,0,ZM,1599539340,54,-13.46,25.83,50.97,6.17
331,Bathsheba,40,BB,1599539341,78,13.22,-59.52,80.6,9.17
332,Saint-Joseph,30,RE,1599539342,78,-21.37,55.62,73.4,3.36
333,Hamilton,1,US,1599539290,73,39.18,-84.53,75,6.13
334,Swan River,64,CA,1599539342,92,52.11,-101.27,33.22,6.44
335,Fort Saint James,43,CA,1599539343,53,54.43,-124.25,50.79,3.4
336,Yumen,97,CN,1599539343,26,40.28,97.2,75,14.74
337,Abu Samrah,0,SY,1599539344,24,35.3,37.18,77,2.24
338,Mpongwe,0,ZM,1599539344,55,-13.51,28.16,52.86,7.29
339,Venice,1,US,1599539345,100,27.1,-82.45,78.01,6.93
340,Jiaxing,0,CN,1599539347,41,30.75,120.75,93,4.47
341,Fayetteville,1,US,1599539091,72,35.05,-78.88,68,4.7
342,Lethbridge,20,CA,1599539189,100,49.7,-112.82,35.6,6.93
343,Alto Araguaia,0,BR,1599539350,31,-17.31,-53.22,71.19,3.49
344,Kailua,75,US,1599539352,74,21.4,-157.74,81,10.29
345,Amahai,100,ID,1599539353,83,-3.33,128.92,80.76,10.94
346,San Antonio,1,US,1599539216,65,29.42,-98.49,82.4,4.7
347,Baft,0,IR,1599539353,20,29.23,56.61,71.51,2.53
348,Agirish,94,RU,1599539354,71,61.92,63.02,52.23,6.22
349,Tucuruí,26,BR,1599539354,58,-3.77,-49.67,78.3,1.39
350,Lincoln,54,US,1599539154,67,40.8,-96.67,59,8.99
351,Leningradskiy,94,RU,1599539355,74,69.38,178.42,41.18,13.22
352,Port Blair,96,IN,1599539355,70,11.67,92.75,85.24,4.21
353,Derzhavīnsk,11,KZ,1599539356,56,51.1,66.32,54.28,9.26
354,Auki,31,SB,1599539356,74,-8.77,160.7,83.77,2.3
355,Huntington,1,US,1599539078,93,38.42,-82.45,70,2.37
356,Khandyga,0,RU,1599539358,54,62.67,135.6,57.25,3.87
357,Bajil,0,YE,1599539358,56,15.06,43.29,88.34,1.66
358,Bonthe,98,SL,1599539360,91,7.53,-12.51,75.49,5.64
359,Caraquet,1,CA,1599539361,52,47.79,-64.94,66.2,12.75
360,Mingshui,23,CN,1599539361,51,36.72,117.5,88,1.01
361,Sangar,0,RU,1599539362,40,63.92,127.47,60.04,2.06
362,Bam,0,IR,1599539363,12,29.11,58.36,87.62,5.01
363,Dingle,80,PH,1599539364,64,11,122.67,88.95,5.91
364,Nador,20,MA,1599539365,78,35.17,-2.93,75.2,3.36
365,Pyaozerskiy,4,RU,1599539365,92,65.83,31.17,45.93,7.05
366,Baie-Comeau,90,CA,1599539366,72,49.22,-68.15,60.8,12.75
367,Muzhi,99,RU,1599539367,62,65.37,64.67,54.52,10.13
368,Eyl,90,SO,1599539367,65,7.98,49.82,77.68,19.93
369,Itoman,20,JP,1599539368,74,26.12,127.67,86,10.29
370,Mackenzie,20,CA,1599539369,76,55.3,-123.17,51.8,4.7
371,Coquimbo,72,CL,1599539370,87,-29.95,-71.34,51.8,5.82
372,Guarapari,40,BR,1599539370,83,-20.67,-40.5,75.99,8.05
373,Yinchuan,60,CN,1599539371,28,38.47,106.27,79.39,6.46
374,Saint-Leu,9,RE,1599539372,78,-21.15,55.28,73.4,3.36
375,Powell River,75,CA,1599539372,27,49.85,-124.54,73.4,6.93
376,Dawson Creek,1,CA,1599539373,54,55.77,-120.24,55.4,9.17
377,Nushki,0,PK,1599539373,14,29.55,66.02,83.59,4.12
378,Ippy,64,CF,1599539373,98,6.27,21.22,67.55,2.06
379,San Rafael,29,AR,1599539374,58,-34.62,-68.33,55.6,13.42
380,Port Macquarie,0,AU,1599539374,58,-31.43,152.92,73,3
381,San Ignacio,58,BZ,1599539378,65,17.16,-89.07,79,2.3
382,Arraial do Cabo,90,BR,1599539378,86,-22.97,-42.03,72.45,23.98
383,Senanga,0,ZM,1599539378,37,-16.12,23.27,57.54,5.53
384,Sanmenxia,0,CN,1599539379,34,34.77,111.18,88.81,3.47
385,Aktash,9,RU,1599539380,67,50.3,87.73,40.26,4.9
386,Denpasar,20,ID,1599539125,79,-8.65,115.22,84.2,13.87
387,Najrān,0,SA,1599539381,41,17.49,44.13,77,2.73
388,Kargat,99,RU,1599539384,89,55.2,80.28,46.31,9.64
389,Ambilobe,27,MG,1599539385,67,-13.2,49.05,72.25,1.77
390,Viseu,0,PT,1599539385,54,40.66,-7.91,64,10
391,Nantucket,1,US,1599539230,93,41.28,-70.1,62.6,5.97
392,Coos Bay,1,US,1599539154,93,43.37,-124.22,55.4,7.72
393,Ossora,100,RU,1599539387,92,59.24,163.07,50,23.38
394,Rozkishne,0,UA,1599539387,36,48.5,37.59,64.53,0.4
395,Oxford,66,GB,1599539388,100,51.75,-1.26,61,4.7
396,Trat,75,TH,1599539390,94,12.5,102.5,86,2.24
397,Gainesville,1,US,1599539153,94,29.65,-82.32,73.4,4.7
398,Opole Voivodeship,21,PL,1599539316,97,50.5,18,50,1.99
399,Woodward,1,US,1599539392,44,36.43,-99.39,80.01,19.46
400,Atambua,99,ID,1599539393,42,-9.11,124.89,87.1,2.95
401,Chiang Khong,90,TH,1599539394,100,20.26,100.4,75.2,2.24
402,Evensk,98,RU,1599539395,64,61.95,159.23,51.49,17.6
403,Ust-Tsilma,99,RU,1599539395,92,65.44,52.15,54.9,4.54
404,Ixtapa,90,MX,1599539396,94,20.7,-105.2,78.01,4.7
405,Ous,75,RU,1599539398,85,60.91,61.52,53.71,4.61
406,Ivanteyevka,100,RU,1599539400,45,55.97,37.92,62.6,8.95
407,Kerema,35,PG,1599539401,83,-7.96,145.78,80.85,11.07
408,Ambanja,40,MG,1599539402,62,-13.68,48.45,68,2.24
409,Abhā,20,SA,1599539403,34,18.22,42.51,69.8,6.08
410,San Felipe,10,VE,1599539403,91,10.34,-68.74,71.92,1.32
411,Senneterre,40,CA,1599539404,76,48.38,-77.23,48.2,3.36
412,Mgandu,11,TZ,1599539405,72,-5.95,34.13,60.22,11.05
413,Kruisfontein,0,ZA,1599539406,91,-34,24.73,54,5.53
414,Ambulu,24,ID,1599539406,58,-8.35,113.61,86.18,8.81
415,Hīt,0,IQ,1599539407,10,33.64,42.83,96.06,7.78
416,Peniche,0,PT,1599539407,84,39.36,-9.38,64.99,6.31
417,Vila Velha,40,BR,1599539408,83,-20.33,-40.29,75.99,8.05
418,Idah,99,NG,1599539408,97,7.11,6.73,72.37,2.46
419,Lüshunkou,0,CN,1599539410,57,38.8,121.27,78.8,13.42
420,Yuli,85,NG,1599539411,90,9.7,10.27,71.89,2.06
421,Diego de Almagro,0,CL,1599539412,67,-26.37,-70.05,45.19,0.89
422,Zhanakorgan,0,KZ,1599539414,20,43.91,67.25,73.36,19.19
423,Øksfjord,100,NO,1599539415,66,70.24,22.35,51.8,27.51
424,Churapcha,0,RU,1599539416,37,62,132.43,59.68,10.31
425,Richards Bay,0,ZA,1599539416,80,-28.78,32.04,64.94,3.04
426,Zhoucun,10,CN,1599539417,53,36.82,117.82,88,1.99
427,Ancud,100,CL,1599539417,97,-41.87,-73.82,48,24
428,Tual,68,ID,1599539420,82,-5.67,132.75,80.67,21.9
429,Paris,24,FR,1599539221,82,48.85,2.35,60.01,2.24
430,Lavrentiya,78,RU,1599539421,71,65.58,-171,43.02,19.73
431,Alexandria,40,EG,1599539421,74,31.22,29.96,80.6,8.05
432,Yenotayevka,93,RU,1599539423,47,47.25,47.03,70.56,14.25
433,Kudahuvadhoo,62,MV,1599539423,79,2.67,72.89,83.01,15.23
434,Wiwilí,100,NI,1599539425,85,13.63,-85.83,73.94,1.41
435,Panyutyne,0,UA,1599539426,35,48.93,36.28,70.11,3.42
436,Waipawa,0,NZ,1599539428,71,-41.41,175.52,55.4,21.92
437,Taksimo,43,RU,1599539429,50,56.34,114.88,71.42,3.18
438,Penápolis,31,BR,1599539429,30,-21.42,-50.08,70.65,5.82
439,Mezen',32,RU,1599539431,85,65.85,44.24,52.12,7.07
440,Andenes,75,NO,1599539433,87,69.31,16.12,51.8,12.75
441,Tabuan,20,PH,1599539433,70,9.52,122.85,89.6,9.17
442,Tataouine,46,TN,1599539434,83,32.93,10.45,73.4,6.93
443,Channel-Port aux Basques,5,CA,1599539435,85,47.57,-59.14,59.85,12.57
444,Staraya Mayna,91,RU,1599539436,76,54.6,48.95,55.4,5.73
445,San Patricio,100,MX,1599539438,82,19.22,-104.7,78.67,2.82
446,Flinders,92,AU,1599539440,58,-34.58,150.86,73.99,4
447,Gashua,13,NG,1599539440,63,12.87,11.05,78.85,8.1
448,Sept-Îles,90,CA,1599539417,100,50.2,-66.38,55,9.17
449,Camaná,100,PE,1599539441,77,-16.62,-72.71,59.02,7.27
450,Acapulco de Juárez,100,MX,1599539443,82,16.86,-99.89,80.29,4.45
451,Nicoya,97,CR,1599539443,91,10.15,-85.45,74.37,1.9
452,Jieshi,100,CN,1599539444,80,22.81,115.83,83.48,11.41
453,Usinsk,100,RU,1599539444,94,65.99,57.53,57.99,13.73
454,Morehead,1,US,1599539444,100,37.27,-87.18,75.2,10.54
455,Umluj,0,SA,1599539445,25,25.02,37.27,97.88,4.41
456,Poum,48,NC,1599539446,77,-20.23,164.02,72.59,11.95
457,Muscat,0,OM,1599539447,41,23.61,58.59,95,8.05
458,Loandjili,83,CG,1599539447,88,-4.76,11.86,72.7,4.07
459,Aleksandrov Gay,17,RU,1599539448,23,50.15,48.57,72.5,7.99
460,Faanui,1,PF,1599539448,76,-16.48,-151.75,78.01,12.21
461,Nizhniy Tsasuchey,0,RU,1599539448,45,50.52,115.13,72.37,11.56
462,Saint Anthony,20,US,1599539449,87,45.02,-93.22,50,8.68
463,Seregélyes,1,HU,1599539450,93,47.11,18.57,57.99,3.36
464,Tūkrah,0,LY,1599539451,49,32.53,20.58,75.92,4.56
465,Boké,100,GN,1599539451,91,10.94,-14.3,73.27,0.92
466,Poconé,1,BR,1599539451,36,-16.26,-56.62,74.95,4.92
467,Ormara,0,PK,1599539452,75,25.21,64.64,83.98,16.82
468,Örnsköldsvik,100,SE,1599539453,93,63.29,18.72,50,9.17
469,Fayaoué,85,NC,1599539455,81,-20.65,166.53,71.04,20.87
470,Haines Junction,100,CA,1599539456,85,60.75,-137.51,52.07,5.35
471,Satwās,83,IN,1599539456,71,22.53,76.68,84.87,4.81
472,Aksu,0,CN,1599539457,21,41.12,80.26,77.38,5.41
473,Salalah,75,OM,1599539457,78,17.02,54.09,80.6,6.93
474,Khambhāt,75,IN,1599539459,70,22.3,72.62,87.8,5.82
475,Leh,6,IN,1599539459,33,34.17,77.58,57.74,5.3
476,Ust-Kuyga,85,RU,1599539459,61,70.02,135.6,51.57,4.34
477,Kolodenka,15,UA,1599539460,100,50.59,26.32,44.6,6.71
478,Inírida,96,CO,1599539460,91,3.87,-67.92,74.75,1.3
479,Baruun-Urt,2,MN,1599539461,48,46.68,113.28,67.59,13.11
480,Orzhytsya,79,UA,1599539461,76,49.79,32.7,60.26,15.97
481,Arlit,99,NE,1599539461,31,18.74,7.39,89.78,4.43
482,Honningsvåg,100,NO,1599539193,81,70.98,25.97,50,14.99
483,Saint-François,0,FR,1599539462,93,46.42,3.91,43,0.98
484,Sompeta,89,IN,1599539462,69,18.93,84.6,88.54,7.27
485,Pankovka,100,RU,1599539463,90,58.5,31.2,52.21,5.66
486,Havøysund,99,NO,1599539463,81,71,24.66,53.6,14.99
487,Annecy-le-Vieux,2,FR,1599539464,87,45.92,6.14,55,1.12
488,Pākāla,20,IN,1599539464,78,13.47,79.12,82.4,1.01
489,Sydney,46,AU,1599539232,46,-33.87,151.21,78.01,17.22
490,Kirkwall,100,GB,1599539465,82,58.98,-2.96,55.4,27.51
491,Orange Cove,20,US,1599539465,70,36.62,-119.31,90,5.12
492,Reinbek,100,DE,1599539473,73,53.52,10.25,60.01,5.99
493,Cotonou,75,BJ,1599539474,88,6.37,2.42,77,12.75
494,Trincomalee,96,LK,1599539474,66,8.57,81.23,87.31,10.85
495,Butajīra,89,ET,1599539474,81,8.12,38.37,59.23,4.16
496,Shache,0,CN,1599539475,15,38.42,77.24,83.73,5.44
497,Kano,20,NG,1599539475,94,12,8.52,73.4,3.36
498,Sabla,100,NG,1599539475,87,12.75,4.71,74.01,5.08
499,Atikokan,67,CA,1599539476,90,48.76,-91.62,34.03,3.74
500,Araguaçu,0,BR,1599539477,34,-12.93,-49.83,74.7,3.24
501,Baykit,100,RU,1599539478,54,61.67,96.37,55.8,6.06
502,Verkhoyansk,83,RU,1599539478,56,67.54,133.38,52.27,2.28
503,Port Shepstone,0,ZA,1599539479,82,-30.74,30.45,64.06,5.95
504,Zimmi,88,SL,1599539480,98,7.32,-11.31,70.92,0.72
505,Lukoyanov,89,RU,1599539480,55,55.03,44.48,61.88,9.13
506,Rokupr,99,SL,1599539481,96,8.67,-12.39,72.97,1.99
507,Maltahöhe,0,NA,1599539481,32,-24.83,16.98,60.26,7.2
508,Srednekolymsk,24,RU,1599539481,50,67.45,153.68,49.53,14.29
509,Kanniyākumāri,75,IN,1599539482,72,8.08,77.57,84.27,16.35
510,Tuy Hoa,39,VN,1599539482,55,13.08,109.3,91.65,8.86
511,Mattru,94,SL,1599539482,98,7.62,-11.83,72.12,0.63
512,San Cristobal,100,VE,1599539483,92,7.77,-72.22,65.68,1.5
513,Kangaatsiaq,100,GL,1599539484,73,68.31,-53.46,39.81,4.52
514,Sisimiut,6,GL,1599539485,78,66.94,-53.67,37.4,5.23
515,Polis,0,CY,1599539192,68,35.04,32.43,69.8,8.05
516,Azare,12,NG,1599539486,92,11.68,10.19,72.57,7.63
517,Vorgashor,100,RU,1599539488,70,67.58,63.95,60.39,14.97
518,Santa Isabel Rio Negro,48,BR,1599539488,67,-0.41,-65.02,77.05,1.81
519,Coari,56,BR,1599539488,54,-4.08,-63.14,78.55,3.2
520,Okhotsk,3,RU,1599539489,49,59.38,143.3,63.21,7.43
521,Pisco,5,PE,1599539489,82,-13.7,-76.22,57.99,2.24
522,Dicabisagan,99,PH,1599539490,66,17.08,122.42,88.32,7.61
523,Wuwei,82,CN,1599539490,26,37.93,102.64,77.52,14.92
524,Ucluelet,7,CA,1599539411,65,48.93,-125.55,64,7.94
525,Calama,2,CL,1599539491,21,-22.47,-68.93,39.2,17.22
526,Tenabo,1,MX,1599539491,78,20.05,-90.23,78.31,5.46
527,Chui,37,UY,1599539492,86,-33.7,-53.46,52.38,6.49
528,Ambositra,100,MG,1599539492,71,-20.52,47.25,57.04,3.24
529,Tutóia,74,BR,1599539493,81,-2.76,-42.27,78.8,12.8
530,Yatou,1,CN,1599539439,61,37.15,122.38,79.16,4.38
531,Malakal,82,SS,1599539493,96,9.53,31.66,68.4,4.5
532,Kuznechikha,62,RU,1599539495,57,57.22,42.33,61,10.83
533,Rāmhormoz,0,IR,1599539495,55,31.28,49.6,89.6,16.11
534,Mizdah,1,LY,1599539496,78,31.45,12.98,69.55,5.55
535,Kumul,17,CN,1599539496,26,42.8,93.45,79.43,7
536,Trairi,62,BR,1599539513,76,-3.28,-39.27,78.84,14.79
537,Olivença,38,BR,1599539513,95,-9.52,-37.19,64.78,2.57
538,Dalvik,90,IS,1599539514,80,65.97,-18.53,41,11.41
539,Muli,60,MV,1599539514,78,2.92,73.57,82.94,11.79
540,Virginia Beach,75,US,1599539399,83,36.85,-75.98,75,11.05
541,Port-Cartier,90,CA,1599539516,100,50.03,-66.87,55,9.17
542,Strezhevoy,42,RU,1599539519,87,60.73,77.59,50,4.47
543,Hervey Bay,11,AU,1599539520,66,-25.3,152.85,72,10
544,Mauá,90,BR,1599539520,88,-23.67,-46.46,64.99,5.82
545,Lorengau,74,PG,1599539521,79,-2.02,147.27,83.8,11.21
546,Lolodorf,100,CM,1599539521,97,3.23,10.73,68.09,1.61
547,Khor,99,RU,1599539522,81,47.89,134.95,72.52,9.06
548,Bitung,40,ID,1599539523,74,1.45,125.18,86,9.17
549,Kalmunai,99,LK,1599539524,58,7.42,81.82,87.33,3.06
550,Henties Bay,0,NA,1599539524,94,-22.12,14.28,55,1.01
551,Pechenga,9,RU,1599539524,93,69.53,31.17,42.8,18.34
552,Narasapuram,66,IN,1599539526,67,16.45,81.67,88.65,4.74
553,Siklós,18,HU,1599539384,82,45.85,18.3,59,5.82
554,Mabaruma,75,GY,1599539527,97,8.2,-59.78,73.65,2.33
555,Matara,100,LK,1599539527,70,5.95,80.54,84.94,11.97
556,Savannah Bight,79,HN,1599539529,71,16.45,-85.85,83.86,4.61
557,Tegul'det,53,RU,1599539530,58,57.31,88.17,59.61,1.7
558,Ajdabiya,0,LY,1599539532,56,30.76,20.23,71.74,8.7
559,Calabozo,98,VE,1599539532,93,8.92,-67.43,73.99,1.16
560,Saryozek,78,KZ,1599539533,28,44.36,77.98,63.81,2.91
561,Gizo Government Station,36,SB,1599539535,74,-8.1,156.84,83.59,8.37
562,Refojos de Basto,4,PT,1599539535,38,41.51,-8,64.99,15.99
563,Swan Hill,99,AU,1599539536,61,-35.34,143.55,67.15,1.36
564,Rožňava,20,SK,1599539537,93,48.66,20.54,53.6,1.12
565,João Pinheiro,20,BR,1599539537,41,-17.74,-46.17,66.09,5.53
566,Vuktyl,99,RU,1599539538,80,63.86,57.31,58.5,10.29
567,Rome,90,US,1599539538,56,43.21,-75.46,73.4,5.82
568,Kaka,0,TM,1599539539,17,37.35,59.61,74.16,5.7
569,Fort Nelson,75,CA,1599539414,87,58.81,-122.7,53.6,5.82
570,Monrovia,85,LR,1599539539,86,6.3,-10.8,76.24,6.33
571,Manokwari,59,ID,1599539540,70,-0.87,134.08,85.35,8.32
572,Praia da Vitória,75,PT,1599539541,100,38.73,-27.07,69.01,11.61
573,Chul'man,0,RU,1599539541,44,56.85,124.91,63.7,5.59
574,West Bay,59,KY,1599539542,90,19.37,-81.42,81,9.26
575,Zima,99,RU,1599539543,70,53.92,102.04,58.5,10.94
576,Birao,21,CF,1599539543,95,10.28,22.79,69.85,3.76
577,Mayumba,100,GA,1599539544,85,-3.43,10.66,74.37,5.86
578,Kaabong,44,UG,1599539545,84,3.48,34.15,64.51,5.19
579,Chifeng,54,CN,1599539546,42,42.27,118.96,73.45,17.02
580,Qaqortoq,10,GL,1599539546,72,60.72,-46.03,39.2,2.24
581,Howard Springs,75,AU,1599539546,13,-12.5,131.05,97,12.75
582,Shahrud,63,IR,1599539547,18,36.42,54.98,79.23,5.39
583,São João da Barra,40,BR,1599539549,87,-21.64,-41.05,72.86,19.08
584,Paso de Carrasco,17,UY,1599539549,76,-34.86,-56.05,48.2,4.7
585,Jalingo,30,NG,1599539550,91,8.88,11.37,71.62,1.81
